region,year,population,region_standard
Центральный федеральный округ,2015,38227656.0,
Белгородская область,2015,1501699.0,Белгородская область
Брянская область,2015,1423178.0,Брянская область
Владимирская область,2015,1575507.0,Владимирская область
Воронежская область,2015,2441337.0,Воронежская область
Ивановская область,2015,1194595.0,Ивановская область
Калужская область,2015,1070426.0,Калужская область
Костромская область,2015,761907.0,Костромская область
Курская область,2015,1281733.0,Курская область
Липецкая область,2015,1233679.0,Липецкая область
Московская область,2015,6628173.0,Московская область
Орловская область,2015,884269.0,Орловская область
Рязанская область,2015,1274503.0,Рязанская область
Смоленская область,2015,1099389.0,Смоленская область
Тамбовская область,2015,1231054.0,Тамбовская область
Тверская область,2015,1543796.0,Тверская область
Тульская область,2015,1743368.0,Тульская область
Ярославская область,2015,1406111.0,Ярославская область
Город Москва столица Российской Федерации город федерального значения,2015,9932932.0,Москва
Северо-Западный федеральный округ,2015,14323567.0,
Республика Карелия,2015,735462.0,Республика Карелия
Республика Коми,2015,1057873.0,Республика Коми
Архангельская область,2015,1390334.0,Архангельская область
Ненецкий автономный округ (Архангельская область),2015,41174.0,Ненецкий автономный округ
Вологодская область,2015,1299611.0,Вологодская область
Калининградская область,2015,958782.0,Калининградская область
Ленинградская область,2015,1686716.0,Ленинградская область
Мурманская область,2015,941062.0,Мурманская область
Новгородская область,2015,718565.0,Новгородская область
Псковская область,2015,793239.0,Псковская область
Город Санкт-Петербург город федерального значения,2015,4741923.0,Санкт-Петербург
Южный федеральный округ (по 2009 год),2015,22742546.0,
Республика Адыгея (Адыгея),2015,449052.0,Республика Адыгея
Республика Калмыкия,2015,308347.0,Республика Калмыкия
Краснодарский край,2015,5133449.0,Краснодарский край
Астраханская область,2015,1012385.0,Астраханская область
Волгоградская область,2015,2738531.0,Волгоградская область
Ростовская область,2015,4454446.0,Ростовская область
Республика Дагестан,2015,2442609.0,Республика Дагестан
Республика Ингушетия,2015,340028.0,Республика Ингушетия
Кабардино-Балкарская Республика,2015,878990.0,Кабардино-Балкарская Республика
Карачаево-Черкесская Республика,2015,439981.0,Карачаево-Черкесская Республика
Республика Северная Осетия-Алания,2015,693564.0,Республика Северная Осетия - Алания
Чеченская Республика,2015,1110237.0,Чеченская Республика
Ставропольский край,2015,2740927.0,Ставропольский край
Приволжский федеральный округ,2015,31703297.0,
Республика Башкортостан,2015,4119810.0,Республика Башкортостан
Республика Марий Эл,2015,743828.0,Республика Марий Эл
Республика Мордовия,2015,918443.0,Республика Мордовия
Республика Татарстан (Татарстан),2015,3789688.0,Республика Татарстан
Удмуртская Республика,2015,1595571.0,Удмуртская Республика
Чувашская Республика - Чувашия,2015,1334219.0,Чувашская Республика
Пермский край,2015,2878903.0,Пермский край
"Коми-Пермяцкий округ, входящий в состав Пермского края",2015,138877.0,
Кировская область,2015,1553595.0,Кировская область
Нижегородская область,2015,3628222.0,Нижегородская область
Оренбургская область,2015,2211204.0,Оренбургская область
Пензенская область,2015,1500196.0,Пензенская область
Самарская область,2015,3291598.0,Самарская область
Саратовская область,2015,2710645.0,Саратовская область
Ульяновская область,2015,1427375.0,Ульяновская область
Уральский федеральный округ,2015,12515498.0,
Курганская область,2015,1059515.0,Курганская область
Свердловская область,2015,4577515.0,Свердловская область
Тюменская область,2015,3218356.0,Тюменская область
Ханты-Мансийский автономный округ - Югра (Тюменская область),2015,1359646.0,Ханты-Мансийский автономный округ
Ямало-Ненецкий автономный округ (Тюменская область),2015,496292.0,Ямало-Ненецкий автономный округ
Челябинская область,2015,3660112.0,Челябинская область
Сибирский федеральный округ,2015,20464285.0,
Республика Алтай,2015,202441.0,Республика Алтай
Республика Тыва,2015,306152.0,Республика Тыва
Республика Хакасия,2015,557481.0,Республика Хакасия
Алтайский край,2015,2651628.0,Алтайский край
Агинский Бурятский округ (Забайкальский край),2015,71307.0,Забайкальский край
Красноярский край,2015,3022092.0,Красноярский край
Таймырский (Долгано-Ненецкий) автономный округ (Красноярский край),2015,38263.0,
Эвенкийский автономный округ (Красноярский край),2015,18469.0,
Иркутская область,2015,2644022.0,Иркутская область
Кемеровская область - Кузбасс,2015,2963439.0,Кемеровская область
Усть-Ордынский Бурятский округ,2015,134694.0,
Новосибирская область,2015,2725499.0,Новосибирская область
Омская область,2015,2136058.0,Омская область
Томская область,2015,1057846.0,Томская область
Дальневосточный федеральный округ,2015,6913279.0,
Республика Бурятия,2015,1004808.0,Республика Бурятия
Забайкальский край,2015,1192819.0,Забайкальский край
Республика Саха (Якутия),2015,962507.0,Республика Саха (Якутия)
Камчатский край,2015,372308.0,Камчатский край
"Корякский округ, входящий в состав Камчатского края",2015,26645.0,
Приморский край,2015,2141025.0,Приморский край
Хабаровский край,2015,1473876.0,Хабаровский край
Амурская область,2015,935607.0,Амурская область
Магаданская область,2015,201974.0,Магаданская область
Сахалинская область,2015,569234.0,Сахалинская область
Еврейская автономная область,2015,195135.0,Еврейская автономная область
Чукотский автономный округ,2015,61613.0,Чукотский автономный округ
Раздел 1. Муниципальные образования субъектов Российской Федерации,2016,146303611.0,
Центральный федеральный округ,2016,38175094.0,
Белгородская область,2016,1506976.0,Белгородская область
Брянская область,2016,1407965.0,Брянская область
Владимирская область,2016,1558052.0,Владимирская область
Воронежская область,2016,2422371.0,Воронежская область
Ивановская область,2016,1178969.0,Ивановская область
Калужская область,2016,1060285.0,Калужская область
Костромская область,2016,753972.0,Костромская область
Курская область,2016,1266467.0,Курская область
Липецкая область,2016,1228106.0,Липецкая область
Московская область,2016,6613469.0,Московская область
Орловская область,2016,876672.0,Орловская область
Рязанская область,2016,1258828.0,Рязанская область
Смоленская область,2016,1082207.0,Смоленская область
Тамбовская область,2016,1213591.0,Тамбовская область
Тверская область,2016,1519569.0,Тверская область
Тульская область,2016,1719665.0,Тульская область
Ярославская область,2016,1393727.0,Ярославская область
Город Москва столица Российской Федерации город федерального значения,2016,10114203.0,Москва
Северо-Западный федеральный округ,2016,14198896.0,
Республика Карелия,2016,728813.0,Республика Карелия
Республика Коми,2016,1042880.0,Республика Коми
Архангельская область,2016,1369118.0,Архангельская область
Ненецкий автономный округ (Архангельская область),2016,40931.0,Ненецкий автономный округ
Вологодская область,2016,1290370.0,Вологодская область
Калининградская область,2016,957533.0,Калининградская область
Ленинградская область,2016,1680358.0,Ленинградская область
Мурманская область,2016,922875.0,Мурманская область
Новгородская область,2016,710261.0,Новгородская область
Псковская область,2016,781844.0,Псковская область
Город Санкт-Петербург город федерального значения,2016,4714844.0,Санкт-Петербург
Южный федеральный округ (по 2009 год),2016,22761875.0,
Республика Адыгея (Адыгея),2016,447327.0,Республика Адыгея
Республика Калмыкия,2016,307281.0,Республика Калмыкия
Краснодарский край,2016,5132798.0,Краснодарский край
Астраханская область,2016,1009281.0,Астраханская область
Волгоградская область,2016,2725433.0,Волгоградская область
Ростовская область,2016,4439314.0,Ростовская область
Республика Дагестан,2016,2486002.0,Республика Дагестан
Республика Ингушетия,2016,445443.0,Республика Ингушетия
Кабардино-Балкарская Республика,2016,886698.0,Кабардино-Балкарская Республика
Карачаево-Черкесская Республика,2016,440621.0,Карачаево-Черкесская Республика
Республика Северная Осетия-Алания,2016,704351.0,Республика Северная Осетия - Алания
Чеченская Республика,2016,996427.0,Чеченская Республика
Ставропольский край,2016,2740899.0,Ставропольский край
Приволжский федеральный округ,2016,31531441.0,
Республика Башкортостан,2016,4115176.0,Республика Башкортостан
Республика Марий Эл,2016,739091.0,Республика Марий Эл
Республика Мордовия,2016,908152.0,Республика Мордовия
Республика Татарстан (Татарстан),2016,3786845.0,Республика Татарстан
Удмуртская Республика,2016,1588054.0,Удмуртская Республика
Чувашская Республика - Чувашия,2016,1327743.0,Чувашская Республика
Пермский край,2016,2858588.0,Пермский край
"Коми-Пермяцкий округ, входящий в состав Пермского края",2016,137648.0,
Кировская область,2016,1536772.0,Кировская область
Нижегородская область,2016,3594476.0,Нижегородская область
Оренбургская область,2016,2203616.0,Оренбургская область
Пензенская область,2016,1484149.0,Пензенская область
Самарская область,2016,3275823.0,Самарская область
Саратовская область,2016,2699385.0,Саратовская область
Ульяновская область,2016,1413571.0,Ульяновская область
Уральский федеральный округ,2016,12471257.0,
Курганская область,2016,1047114.0,Курганская область
Свердловская область,2016,4545942.0,Свердловская область
Тюменская область,2016,3234252.0,Тюменская область
Ханты-Мансийский автономный округ - Югра (Тюменская область),2016,1383449.0,Ханты-Мансийский автономный округ
Ямало-Ненецкий автономный округ (Тюменская область),2016,498271.0,Ямало-Ненецкий автономный округ
Челябинская область,2016,3643949.0,Челябинская область
Сибирский федеральный округ,2016,20333014.0,
Республика Алтай,2016,203030.0,Республика Алтай
Республика Тыва,2016,305729.0,Республика Тыва
Республика Хакасия,2016,554411.0,Республика Хакасия
Алтайский край,2016,2641079.0,Алтайский край
Агинский Бурятский округ (Забайкальский край),2016,71162.0,Забайкальский край
Красноярский край,2016,3000891.0,Красноярский край
Таймырский (Долгано-Ненецкий) автономный округ (Красноярский край),2016,38250.0,
Эвенкийский автономный округ (Красноярский край),2016,18012.0,
Иркутская область,2016,2623183.0,Иркутская область
Кемеровская область - Кузбасс,2016,2942264.0,Кемеровская область
Усть-Ордынский Бурятский округ,2016,134735.0,
Новосибирская область,2016,2715128.0,Новосибирская область
Омская область,2016,2117291.0,Омская область
Томская область,2016,1054272.0,Томская область
Дальневосточный федеральный округ,2016,6832034.0,
Республика Бурятия,2016,996912.0,Республика Бурятия
Забайкальский край,2016,1178824.0,Забайкальский край
Республика Саха (Якутия),2016,957478.0,Республика Саха (Якутия)
Камчатский край,2016,366400.0,Камчатский край
"Корякский округ, входящий в состав Камчатского края",2016,25831.0,
Приморский край,2016,2120467.0,Приморский край
Хабаровский край,2016,1459908.0,Хабаровский край
Амурская область,2016,923055.0,Амурская область
Магаданская область,2016,193945.0,Магаданская область
Сахалинская область,2016,560049.0,Сахалинская область
Еврейская автономная область,2016,193198.0,Еврейская автономная область
Чукотский автономный округ,2016,57534.0,Чукотский автономный округ
Раздел 1. Муниципальные образования субъектов Российской Федерации,2017,145649334.0,
Центральный федеральный округ,2017,38068452.0,
Белгородская область,2017,1508137.0,Белгородская область
Брянская область,2017,1391430.0,Брянская область
Владимирская область,2017,1539179.0,Владимирская область
Воронежская область,2017,2397111.0,Воронежская область
Ивановская область,2017,1161861.0,Ивановская область
Калужская область,2017,1049614.0,Калужская область
Костромская область,2017,743967.0,Костромская область
Курская область,2017,1248588.0,Курская область
Липецкая область,2017,1220476.0,Липецкая область
Московская область,2017,6609152.0,Московская область
Орловская область,2017,867553.0,Орловская область
Рязанская область,2017,1240958.0,Рязанская область
Смоленская область,2017,1063269.0,Смоленская область
Тамбовская область,2017,1193381.0,Тамбовская область
Тверская область,2017,1491451.0,Тверская область
Тульская область,2017,1694008.0,Тульская область
Ярославская область,2017,1378417.0,Ярославская область
Город Москва столица Российской Федерации город федерального значения,2017,10269900.0,Москва
Северо-Западный федеральный округ,2017,14072968.0,
Республика Карелия,2017,721538.0,Республика Карелия
Республика Коми,2017,1029644.0,Республика Коми
Архангельская область,2017,1350448.0,Архангельская область
Ненецкий автономный округ (Архангельская область),2017,40896.0,Ненецкий автономный округ
Вологодская область,2017,1278543.0,Вологодская область
Калининградская область,2017,955449.0,Калининградская область
Ленинградская область,2017,1672685.0,Ленинградская область
Мурманская область,2017,905735.0,Мурманская область
Новгородская область,2017,700859.0,Новгородская область
Псковская область,2017,769653.0,Псковская область
Город Санкт-Петербург город федерального значения,2017,4688414.0,Санкт-Петербург
Южный федеральный округ (по 2009 год),2017,22853022.0,
Республика Адыгея (Адыгея),2017,446628.0,Республика Адыгея
Республика Калмыкия,2017,297583.0,Республика Калмыкия
Краснодарский край,2017,5131618.0,Краснодарский край
Астраханская область,2017,1005510.0,Астраханская область
Волгоградская область,2017,2709610.0,Волгоградская область
Ростовская область,2017,4417648.0,Ростовская область
Республика Дагестан,2017,2536077.0,Республика Дагестан
Республика Ингушетия,2017,455519.0,Республика Ингушетия
Кабардино-Балкарская Республика,2017,894356.0,Кабардино-Балкарская Республика
Карачаево-Черкесская Республика,2017,439803.0,Карачаево-Черкесская Республика
Республика Северная Осетия-Алания,2017,709630.0,Республика Северная Осетия - Алания
Чеченская Республика,2017,1072867.0,Чеченская Республика
Ставропольский край,2017,2736173.0,Ставропольский край
Приволжский федеральный округ,2017,31316013.0,
Республика Башкортостан,2017,4108249.0,Республика Башкортостан
Республика Марий Эл,2017,732774.0,Республика Марий Эл
Республика Мордовия,2017,897136.0,Республика Мордовия
Республика Татарстан (Татарстан),2017,3781867.0,Республика Татарстан
Удмуртская Республика,2017,1578187.0,Удмуртская Республика
Чувашская Республика - Чувашия,2017,1319498.0,Чувашская Республика
Пермский край,2017,2837146.0,Пермский край
"Коми-Пермяцкий округ, входящий в состав Пермского края",2017,136608.0,
Кировская область,2017,1518378.0,Кировская область
Нижегородская область,2017,3554696.0,Нижегородская область
Оренбургская область,2017,2189876.0,Оренбургская область
Пензенская область,2017,1466215.0,Пензенская область
Самарская область,2017,3254055.0,Самарская область
Саратовская область,2017,2682054.0,Саратовская область
Ульяновская область,2017,1395882.0,Ульяновская область
Уральский федеральный округ,2017,12417742.0,
Курганская область,2017,1030748.0,Курганская область
Свердловская область,2017,4514084.0,Свердловская область
Тюменская область,2017,3251484.0,Тюменская область
Ханты-Мансийский автономный округ - Югра (Тюменская область),2017,1411867.0,Ханты-Мансийский автономный округ
Ямало-Ненецкий автономный округ (Тюменская область),2017,503121.0,Ямало-Ненецкий автономный округ
Челябинская область,2017,3621426.0,Челябинская область
Сибирский федеральный округ,2017,20178131.0,
Республика Алтай,2017,202945.0,Республика Алтай
Республика Тыва,2017,305216.0,Республика Тыва
Республика Хакасия,2017,549489.0,Республика Хакасия
Алтайский край,2017,2621050.0,Алтайский край
Агинский Бурятский округ (Забайкальский край),2017,71777.0,Забайкальский край
Красноярский край,2017,2981746.0,Красноярский край
Таймырский (Долгано-Ненецкий) автономный округ (Красноярский край),2017,39160.0,
Эвенкийский автономный округ (Красноярский край),2017,17751.0,
Иркутская область,2017,2599675.0,Иркутская область
Кемеровская область - Кузбасс,2017,2917769.0,Кемеровская область
Усть-Ордынский Бурятский округ,2017,135210.0,
Новосибирская область,2017,2703012.0,Новосибирская область
Омская область,2017,2094735.0,Омская область
Томская область,2017,1049770.0,Томская область
Дальневосточный федеральный округ,2017,6743006.0,
Республика Бурятия,2017,987289.0,Республика Бурятия
Забайкальский край,2017,1165435.0,Забайкальский край
Республика Саха (Якутия),2017,951478.0,Республика Саха (Якутия)
Камчатский край,2017,361646.0,Камчатский край
"Корякский округ, входящий в состав Камчатского края",2017,25685.0,
Приморский край,2017,2085743.0,Приморский край
Хабаровский край,2017,1446177.0,Хабаровский край
Амурская область,2017,911381.0,Амурская область
Магаданская область,2017,187218.0,Магаданская область
Сахалинская область,2017,552155.0,Сахалинская область
Еврейская автономная область,2017,191899.0,Еврейская автономная область
Чукотский автономный округ,2017,55309.0,Чукотский автономный округ
Раздел 1. Муниципальные образования субъектов Российской Федерации,2018,144963650.0,
Центральный федеральный округ,2018,37946810.0,
Белгородская область,2018,1511899.0,Белгородская область
Брянская область,2018,1375004.0,Брянская область
Владимирская область,2018,1520057.0,Владимирская область
Воронежская область,2018,2374461.0,Воронежская область
Ивановская область,2018,1144540.0,Ивановская область
Калужская область,2018,1038614.0,Калужская область
Костромская область,2018,734453.0,Костромская область
Курская область,2018,1231097.0,Курская область
Липецкая область,2018,1211008.0,Липецкая область
Московская область,2018,6616879.0,Московская область
Орловская область,2018,858312.0,Орловская область
Рязанская область,2018,1223738.0,Рязанская область
Смоленская область,2018,1045878.0,Смоленская область
Тамбовская область,2018,1174233.0,Тамбовская область
Тверская область,2018,1465568.0,Тверская область
Тульская область,2018,1669792.0,Тульская область
Ярославская область,2018,1364374.0,Ярославская область
Город Москва столица Российской Федерации город федерального значения,2018,10386903.0,Москва
Северо-Западный федеральный округ,2018,13948539.0,
Республика Карелия,2018,715213.0,Республика Карелия
Республика Коми,2018,1016040.0,Республика Коми
Архангельская область,2018,1332655.0,Архангельская область
Ненецкий автономный округ (Архангельская область),2018,41699.0,Ненецкий автономный округ
Вологодская область,2018,1266848.0,Вологодская область
Калининградская область,2018,954093.0,Калининградская область
Ленинградская область,2018,1667150.0,Ленинградская область
Мурманская область,2018,889809.0,Мурманская область
Новгородская область,2018,692138.0,Новгородская область
Псковская область,2018,758119.0,Псковская область
Город Санкт-Петербург город федерального значения,2018,4656474.0,Санкт-Петербург
Республика Адыгея (Адыгея),2018,446828.0,Республика Адыгея
Республика Калмыкия,2018,291850.0,Республика Калмыкия
Краснодарский край,2018,5119857.0,Краснодарский край
Астраханская область,2018,1004780.0,Астраханская область
Волгоградская область,2018,2694232.0,Волгоградская область
Ростовская область,2018,4396672.0,Ростовская область
Республика Дагестан,2018,2581412.0,Республика Дагестан
Республика Ингушетия,2018,468773.0,Республика Ингушетия
Кабардино-Балкарская Республика,2018,901051.0,Кабардино-Балкарская Республика
Карачаево-Черкесская Республика,2018,438853.0,Карачаево-Черкесская Республика
Республика Северная Осетия-Алания,2018,709671.0,Республика Северная Осетия - Алания
Чеченская Республика,2018,1105378.0,Чеченская Республика
Ставропольский край,2018,2732502.0,Ставропольский край
Приволжский федеральный округ,2018,31104512.0,
Республика Башкортостан,2018,4102274.0,Республика Башкортостан
Республика Марий Эл,2018,726730.0,Республика Марий Эл
Республика Мордовия,2018,886165.0,Республика Мордовия
Республика Татарстан (Татарстан),2018,3777667.0,Республика Татарстан
Удмуртская Республика,2018,1568176.0,Удмуртская Республика
Чувашская Республика - Чувашия,2018,1311737.0,Чувашская Республика
Пермский край,2018,2813770.0,Пермский край
Кировская область,2018,1498976.0,Кировская область
Нижегородская область,2018,3515673.0,Нижегородская область
Оренбургская область,2018,2176000.0,Оренбургская область
Пензенская область,2018,1449233.0,Пензенская область
Самарская область,2018,3235699.0,Самарская область
Саратовская область,2018,2663481.0,Саратовская область
Ульяновская область,2018,1378931.0,Ульяновская область
Уральский федеральный округ,2018,12361257.0,
Курганская область,2018,1016184.0,Курганская область
Свердловская область,2018,4477552.0,Свердловская область
Тюменская область,2018,3269862.0,Тюменская область
Ханты-Мансийский автономный округ - Югра (Тюменская область),2018,1437729.0,Ханты-Мансийский автономный округ
Ямало-Ненецкий автономный округ (Тюменская область),2018,508600.0,Ямало-Ненецкий автономный округ
Челябинская область,2018,3597659.0,Челябинская область
Сибирский федеральный округ,2018,20030930.0,
Республика Алтай,2018,203038.0,Республика Алтай
Республика Тыва,2018,305493.0,Республика Тыва
Республика Хакасия,2018,545198.0,Республика Хакасия
Алтайский край,2018,2602595.0,Алтайский край
Красноярский край,2018,2961871.0,Красноярский край
Иркутская область,2018,2577702.0,Иркутская область
Кемеровская область - Кузбасс,2018,2893448.0,Кемеровская область
Новосибирская область,2018,2688423.0,Новосибирская область
Омская область,2018,2075422.0,Омская область
Томская область,2018,1045539.0,Томская область
Дальневосточный федеральный округ,2018,6679743.0,
Республика Бурятия,2018,979605.0,Республика Бурятия
Забайкальский край,2018,1152596.0,Забайкальский край
Республика Саха (Якутия),2018,948636.0,Республика Саха (Якутия)
Камчатский край,2018,357917.0,Камчатский край
Приморский край,2018,2067342.0,Приморский край
Хабаровский край,2018,1434242.0,Хабаровский край
Амурская область,2018,901044.0,Амурская область
Магаданская область,2018,181832.0,Магаданская область
Сахалинская область,2018,545008.0,Сахалинская область
Еврейская автономная область,2018,190585.0,Еврейская автономная область
Чукотский автономный округ,2018,53137.0,Чукотский автономный округ
Раздел 1. Муниципальные образования субъектов Российской Федерации,2019,144333586.0,
Центральный федеральный округ,2019,37965073.0,
Белгородская область,2019,1513860.0,Белгородская область
Брянская область,2019,1360249.0,Брянская область
Владимирская область,2019,1509571.0,Владимирская область
Воронежская область,2019,2367457.0,Воронежская область
Ивановская область,2019,1131027.0,Ивановская область
Калужская область,2019,1031655.0,Калужская область
Костромская область,2019,723142.0,Костромская область
Курская область,2019,1213372.0,Курская область
Липецкая область,2019,1205271.0,Липецкая область
Московская область,2019,6671325.0,Московская область
Орловская область,2019,847051.0,Орловская область
Рязанская область,2019,1210325.0,Рязанская область
Смоленская область,2019,1039132.0,Смоленская область
Тамбовская область,2019,1161854.0,Тамбовская область
Тверская область,2019,1447825.0,Тверская область
Тульская область,2019,1649221.0,Тульская область
Ярославская область,2019,1347055.0,Ярославская область
Город Москва столица Российской Федерации город федерального значения,2019,10535681.0,Москва
Северо-Западный федеральный округ,2019,13860249.0,
Республика Карелия,2019,702847.0,Республика Карелия
Республика Коми,2019,999857.0,Республика Коми
Архангельская область,2019,1315549.0,Архангельская область
Ненецкий автономный округ (Архангельская область),2019,41881.0,Ненецкий автономный округ
Архангельская область (кроме Ненецкого автономного округа),2019,1273668.0,Архангельская область
Вологодская область,2019,1255924.0,Вологодская область
Калининградская область,2019,947887.0,Калининградская область
Ленинградская область,2019,1673287.0,Ленинградская область
Мурманская область,2019,873145.0,Мурманская область
Новгородская область,2019,682965.0,Новгородская область
Псковская область,2019,746750.0,Псковская область
Город Санкт-Петербург город федерального значения,2019,4662038.0,Санкт-Петербург
Южный федеральный округ (с 2010 года),2019,13905906.0,
Республика Адыгея (Адыгея),2019,444848.0,Республика Адыгея
Республика Калмыкия,2019,292168.0,Республика Калмыкия
Краснодарский край,2019,5114905.0,Краснодарский край
Астраханская область,2019,1006073.0,Астраханская область
Волгоградская область,2019,2672392.0,Волгоградская область
Ростовская область,2019,4375520.0,Ростовская область
Северо-Кавказский федеральный округ,2019,8967070.0,
Республика Дагестан,2019,2617502.0,Республика Дагестан
Республика Ингушетия,2019,451933.0,Республика Ингушетия
Кабардино-Балкарская Республика,2019,889639.0,Кабардино-Балкарская Республика
Карачаево-Черкесская Республика,2019,444342.0,Карачаево-Черкесская Республика
Республика Северная Осетия-Алания,2019,707679.0,Республика Северная Осетия - Алания
Чеченская Республика,2019,1116910.0,Чеченская Республика
Ставропольский край,2019,2739065.0,Ставропольский край
Приволжский федеральный округ,2019,30893142.0,
Республика Башкортостан,2019,4094215.0,Республика Башкортостан
Республика Марий Эл,2019,722703.0,Республика Марий Эл
Республика Мордовия,2019,878299.0,Республика Мордовия
Республика Татарстан (Татарстан),2019,3773105.0,Республика Татарстан
Удмуртская Республика,2019,1561092.0,Удмуртская Республика
Чувашская Республика - Чувашия,2019,1301632.0,Чувашская Республика
Пермский край,2019,2783049.0,Пермский край
Кировская область,2019,1472481.0,Кировская область
Нижегородская область,2019,3481080.0,Нижегородская область
Оренбургская область,2019,2149942.0,Оренбургская область
Пензенская область,2019,1439986.0,Пензенская область
Самарская область,2019,3229151.0,Самарская область
Саратовская область,2019,2639528.0,Саратовская область
Ульяновская область,2019,1366879.0,Ульяновская область
Уральский федеральный округ,2019,12284550.0,
Курганская область,2019,999446.0,Курганская область
Свердловская область,2019,4434165.0,Свердловская область
Тюменская область,2019,3281655.0,Тюменская область
Ханты-Мансийский автономный округ - Югра (Тюменская область),2019,1453541.0,Ханты-Мансийский автономный округ
Ямало-Ненецкий автономный округ (Тюменская область),2019,510846.0,Ямало-Ненецкий автономный округ
Тюменская область (кроме Ханты-Мансийского автономного округа-Югры и Ямало-Ненецкого автономного округа),2019,1317268.0,Тюменская область
Челябинская область,2019,3569284.0,Челябинская область
Сибирский федеральный округ,2019,19849333.0,
Республика Алтай,2019,202571.0,Республика Алтай
Республика Тыва,2019,304957.0,Республика Тыва
Республика Хакасия,2019,541414.0,Республика Хакасия
Алтайский край,2019,2571987.0,Алтайский край
Красноярский край,2019,2931905.0,Красноярский край
Иркутская область,2019,2552298.0,Иркутская область
Кемеровская область - Кузбасс,2019,2862105.0,Кемеровская область
Новосибирская область,2019,2674155.0,Новосибирская область
Омская область,2019,2052741.0,Омская область
Томская область,2019,1037952.0,Томская область
Дальневосточный федеральный округ,2019,6608263.0,
Республика Бурятия,2019,974561.0,Республика Бурятия
Забайкальский край,2019,1142687.0,Забайкальский край
Республика Саха (Якутия),2019,949969.0,Республика Саха (Якутия)
Камчатский край,2019,350510.0,Камчатский край
Приморский край,2019,2048582.0,Приморский край
Хабаровский край,2019,1416224.0,Хабаровский край
Амурская область,2019,887781.0,Амурская область
Магаданская область,2019,178069.0,Магаданская область
Сахалинская область,2019,536783.0,Сахалинская область
Еврейская автономная область,2019,188412.0,Еврейская автономная область
Чукотский автономный округ,2019,51933.0,Чукотский автономный округ
Раздел 1. Муниципальные образования субъектов Российской Федерации,2020,143801046.0,
Центральный федеральный округ,2020,38044068.0,
Белгородская область,2020,1511662.0,Белгородская область
Брянская область,2020,1344132.0,Брянская область
Владимирская область,2020,1497598.0,Владимирская область
Воронежская область,2020,2364932.0,Воронежская область
Ивановская область,2020,1116739.0,Ивановская область
Калужская область,2020,1027581.0,Калужская область
Костромская область,2020,711978.0,Костромская область
Курская область,2020,1195812.0,Курская область
Липецкая область,2020,1198580.0,Липецкая область
Московская область,2020,6736742.0,Московская область
Орловская область,2020,835165.0,Орловская область
Рязанская область,2020,1199404.0,Рязанская область
Смоленская область,2020,1032297.0,Смоленская область
Тамбовская область,2020,1150828.0,Тамбовская область
Тверская область,2020,1432612.0,Тверская область
Тульская область,2020,1631778.0,Тульская область
Ярославская область,2020,1329799.0,Ярославская область
Город Москва столица Российской Федерации город федерального значения,2020,10726429.0,Москва
Северо-Западный федеральный округ,2020,13793490.0,
Республика Карелия,2020,689601.0,Республика Карелия
Республика Коми,2020,982890.0,Республика Коми
Архангельская область,2020,1299218.0,Архангельская область
Ненецкий автономный округ (Архангельская область),2020,41906.0,Ненецкий автономный округ
Архангельская область (кроме Ненецкого автономного округа),2020,1257312.0,Архангельская область
Вологодская область,2020,1245769.0,Вологодская область
Калининградская область,2020,942098.0,Калининградская область
Ленинградская область,2020,1681445.0,Ленинградская область
Мурманская область,2020,856939.0,Мурманская область
Новгородская область,2020,674519.0,Новгородская область
Псковская область,2020,734520.0,Псковская область
Город Санкт-Петербург город федерального значения,2020,4686491.0,Санкт-Петербург
Южный федеральный округ (с 2010 года),2020,13870776.0,
Республика Адыгея (Адыгея),2020,443300.0,Республика Адыгея
Республика Калмыкия,2020,293179.0,Республика Калмыкия
Краснодарский край,2020,5118903.0,Краснодарский край
Астраханская область,2020,1006467.0,Астраханская область
Волгоградская область,2020,2656212.0,Волгоградская область
Ростовская область,2020,4352715.0,Ростовская область
Северо-Кавказский федеральный округ,2020,8994605.0,
Республика Дагестан,2020,2652711.0,Республика Дагестан
Республика Ингушетия,2020,433685.0,Республика Ингушетия
Кабардино-Балкарская Республика,2020,877308.0,Кабардино-Балкарская Республика
Карачаево-Черкесская Республика,2020,450220.0,Карачаево-Черкесская Республика
Республика Северная Осетия-Алания,2020,706393.0,Республика Северная Осетия - Алания
Чеченская Республика,2020,1133172.0,Чеченская Республика
Ставропольский край,2020,2741116.0,Ставропольский край
Приволжский федеральный округ,2020,30678744.0,
Республика Башкортостан,2020,4081349.0,Республика Башкортостан
Республика Марий Эл,2020,718260.0,Республика Марий Эл
Республика Мордовия,2020,871848.0,Республика Мордовия
Республика Татарстан (Татарстан),2020,3768167.0,Республика Татарстан
Удмуртская Республика,2020,1554292.0,Удмуртская Республика
Чувашская Республика - Чувашия,2020,1291065.0,Чувашская Республика
Пермский край,2020,2751562.0,Пермский край
Кировская область,2020,1445356.0,Кировская область
Нижегородская область,2020,3447896.0,Нижегородская область
Оренбургская область,2020,2122459.0,Оренбургская область
Пензенская область,2020,1431060.0,Пензенская область
Самарская область,2020,3225275.0,Самарская область
Саратовская область,2020,2615575.0,Саратовская область
Ульяновская область,2020,1354580.0,Ульяновская область
Уральский федеральный округ,2020,12205194.0,
Курганская область,2020,981029.0,Курганская область
Свердловская область,2020,4394041.0,Свердловская область
Тюменская область,2020,3288337.0,Тюменская область
Ханты-Мансийский автономный округ - Югра (Тюменская область),2020,1462194.0,Ханты-Мансийский автономный округ
Ямало-Ненецкий автономный округ (Тюменская область),2020,514581.0,Ямало-Ненецкий автономный округ
Тюменская область (кроме Ханты-Мансийского автономного округа-Югры и Ямало-Ненецкого автономного округа),2020,1311562.0,Тюменская область
Челябинская область,2020,3541787.0,Челябинская область
Сибирский федеральный округ,2020,19676568.0,
Республика Алтай,2020,202333.0,Республика Алтай
Республика Тыва,2020,304066.0,Республика Тыва
Республика Хакасия,2020,537973.0,Республика Хакасия
Алтайский край,2020,2539430.0,Алтайский край
Красноярский край,2020,2901930.0,Красноярский край
Иркутская область,2020,2524080.0,Иркутская область
Кемеровская область - Кузбасс,2020,2832963.0,Кемеровская область
Новосибирская область,2020,2665984.0,Новосибирская область
Омская область,2020,2034091.0,Омская область
Томская область,2020,1029944.0,Томская область
Дальневосточный федеральный округ,2020,6537601.0,
Республика Бурятия,2020,970994.0,Республика Бурятия
Забайкальский край,2020,1132780.0,Забайкальский край
Республика Саха (Якутия),2020,953170.0,Республика Саха (Якутия)
Камчатский край,2020,343908.0,Камчатский край
Приморский край,2020,2028377.0,Приморский край
Хабаровский край,2020,1396800.0,Хабаровский край
Амурская область,2020,874018.0,Амурская область
Магаданская область,2020,173937.0,Магаданская область
Сахалинская область,2020,529813.0,Сахалинская область
Еврейская автономная область,2020,185763.0,Еврейская автономная область
Чукотский автономный округ,2020,51815.0,Чукотский автономный округ
